,"Skin Inflammation
(Your Compound)",Psoriasis,Atopic Dermatitis,Acne Vulgaris,Rosacea,Contact Dermatitis,"Systemic Lupus
Erythematosus"
"Skin Inflammation
(Your Compound)",1.0,0.3333333333333333,0.16129032258064516,0.20689655172413793,0.2962962962962963,0.37037037037037035,0.058823529411764705
Psoriasis,0.3333333333333333,1.0,0.18518518518518517,0.19230769230769232,0.2916666666666667,0.32,0.03225806451612903
Atopic Dermatitis,0.16129032258064516,0.18518518518518517,1.0,0.14814814814814814,0.19230769230769232,0.2222222222222222,0.03225806451612903
Acne Vulgaris,0.20689655172413793,0.19230769230769232,0.14814814814814814,1.0,0.25,0.28,0.06896551724137931
Rosacea,0.2962962962962963,0.2916666666666667,0.19230769230769232,0.25,1.0,0.28,0.03333333333333333
Contact Dermatitis,0.37037037037037035,0.32,0.2222222222222222,0.28,0.28,1.0,0.06451612903225806
"Systemic Lupus
Erythematosus",0.058823529411764705,0.03225806451612903,0.03225806451612903,0.06896551724137931,0.03333333333333333,0.06451612903225806,1.0
